time,wheel_speed_fl,wheel_speed_fr,wheel_speed_rl,wheel_speed_rr,throttle,brake,speed_kmh
0.0,76.87279797318823,76.81674286005831,76.87073956308132,76.79713040101089,1.0,0.0,276.84999936
0.115,77.3099144414099,77.18128967471483,77.05100881559935,77.2487485797943,1.0,0.0,278.0
0.129,77.22140163970707,77.13824419328579,77.26206149985124,77.23215923768352,1.0,0.0,278.15908945454544
0.448,78.4890589486368,78.5026968971755,78.40901945918405,78.14903123392487,1.0,0.0,281.78409018181816
0.555,78.63083439998908,78.49443879706139,78.50945852299873,78.66962046745672,1.0,0.0,283.0
0.629,78.65160842763375,78.74386031553102,78.88789294555895,78.72337222684467,1.0,0.0,283.36999936
0.755,78.92109271177219,78.87575481946413,78.89030717742659,78.93620423136186,1.0,0.0,284.0
0.955,79.22584504085606,79.40675774327198,79.13459892459143,79.30981925420406,1.0,0.0,285.0
0.969,79.08903116099947,78.8599865505816,78.95796269833176,78.92997104846677,0.9562504,0.0,284.5187544
1.149,77.22119210272999,77.25196275044382,77.26316326899763,77.2401114124571,0.3937504,0.0,278.3312544
1.275,75.90259677215097,76.25138074000498,76.28879302549862,76.1751644321385,0.0,1.0,274.0
1.409,73.4768423934804,73.59130019734344,73.67697502829881,73.39380614844387,0.0,1.0,264.7875088
1.435,72.86678098596728,73.15768410131861,73.13389346100305,73.06181156503737,0.0,1.0,263.0
1.608,64.89110309475753,64.86371998510752,64.85157713708625,64.96061481260661,0.0,1.0,233.8062608
1.755,57.99063896586921,58.262217598752926,58.25794027124818,58.02887444123106,0.0,1.0,209.0
1.829,55.337320659115136,55.3086237981662,55.645533772470145,55.46468475097671,0.0,1.0,199.750016
1.955,51.35885408796198,51.198724671563696,51.09485412802919,51.160177269400805,0.0,1.0,184.0
2.069,48.85371533752673,48.735818834456836,48.84018298793944,48.818618856089294,0.0,1.0,175.4500096
2.235,45.117249167673265,45.35789558569124,45.27494735118562,45.28486361173255,0.0,1.0,163.0
2.349,42.74153056152195,42.67324803522936,42.71019283094779,42.755898973945634,0.0,1.0,153.88001024
2.435,40.85615610667565,40.93770484533765,40.75511900787503,40.94524759272818,0.0,1.0,147.0
2.629,37.47077716962324,37.2584573337249,37.44572047372088,37.39164138706166,0.0,1.0,134.48387061255613
2.689,36.17313882016385,36.209519961435305,36.28582544520642,36.172041112084756,0.0,1.0,130.61290020672703
2.714,35.83808042157004,35.87291526181324,35.74515523809814,35.766936564738685,0.0,1.0,129.0
2.969,34.51714413677767,34.515015401752656,34.56273410557623,34.525190685965896,0.0,1.0,124.2187488
3.034,34.16704684280356,34.211153220796014,34.350843369557815,34.10227186989668,0.0,0.0,123.0
3.189,33.22094203882232,33.20589308359194,33.32482453770189,33.187991527279245,0.1123750464,0.0,119.51249856
3.434,31.72627752568819,31.564123096306485,31.815191267832695,31.745185047648988,0.29,0.0,114.0
3.668,32.54673311663617,32.65533645355907,32.46361738807628,32.72499668840118,0.6020001706666667,0.0,117.25000177777778
3.794,33.08984949357927,32.89042924423518,33.1097016389678,33.04839848445827,0.77,0.0,119.0
3.808,33.141278670988555,33.22184837107526,33.31150350591041,33.19975946530905,0.7860200316624574,0.0,119.48756618103131
3.995,35.06258374424306,34.99498880608482,34.93364727142537,34.99943330841999,1.0,0.0,126.0
4.128,36.71841037334406,36.81584712152123,37.03611636512968,36.83173269908038,1.0,0.0,132.6499968
4.195,37.842828957453285,37.78668606463538,37.806301076269854,37.86846732717745,1.0,0.0,136.0
4.348,40.276098412792145,40.23333946818456,40.36446700060068,40.334741269326926,1.0,0.0,145.17999616
4.395,41.24387929919304,41.08800018620115,41.041999191992794,41.035834705151906,1.0,0.0,148.0
4.635,43.904818179460726,43.73771669329151,43.95774903036895,43.77176901669092,1.0,0.0,158.0
4.669,44.318345863599134,44.28163093025477,44.33407543866289,44.49197235168719,1.0,0.0,159.4874944
4.795,45.80748304100118,45.808178885730264,45.83107355416048,45.94547291245034,1.0,0.0,165.0
4.908,47.25612099090389,47.23799869729073,46.95941194903478,47.05821250553262,1.0,0.0,169.2374976
5.035,48.37047335317708,48.38510685105755,48.31035436069565,48.47595089242622,1.0,0.0,174.0
5.168,50.02943843922021,50.20990259095435,50.18753012216282,50.13874862216102,1.0,0.0,180.6499968
5.275,51.79770754128291,51.631534500744316,51.59907020128214,51.51270083921557,1.0,0.0,186.0
5.435,52.797795111340534,52.8671823794777,52.72384066266281,52.851868644248626,1.0,0.0,190.0
5.469,52.829355710193084,53.11684234260953,53.155694313735275,53.20835766994784,1.0,0.0,191.0818141090909
5.809,55.94834754344971,56.236892552169294,56.028674590526364,56.046609343675584,1.0,0.0,201.89999592727273
5.875,56.64081937248018,56.69278461768471,56.471805499238535,56.66037616626557,1.0,0.0,204.0
6.089,58.55549927145677,58.74306607386386,58.462616226292475,58.566499112929606,1.0,0.0,210.8785673142857
6.155,58.89622375484531,59.29446324335986,59.120616019830514,59.214321832832475,1.0,0.0,213.0
6.268,59.86317095430661,59.888925083095394,59.85770859218496,59.695887290862025,1.0,0.0,215.1187488
6.315,59.94597443447154,59.88733382844515,60.0459382950144,60.007930000698195,1.0,0.0,216.0
6.515,60.87944075715104,61.09179730121278,61.00223347554958,61.19248158259357,1.0,0.0,220.0
6.669,62.134324554272695,62.04695938778187,61.9912585467272,61.98402484544709,1.0,0.0,223.3687472
6.835,63.00808109071463,63.03416741229198,63.129442271501915,63.06456511938408,1.0,0.0,227.0
6.968,63.85796971402385,63.88975901693396,63.92777007194461,64.00034441321502,1.0,0.0,229.95555413333332
7.189,65.27793439138952,65.28946266714739,65.23538530194361,65.33071485575061,1.0,0.0,234.86666382222222
7.195,65.24409148600562,65.27064435220707,65.41630560981253,65.3153429979844,1.0,0.0,235.0
7.409,66.2228720681877,66.54780588813543,66.50398768553228,66.3057486830761,1.0,0.0,238.74499776
7.595,67.32196793298658,67.1823690404755,67.32905513434027,67.17550089099498,1.0,0.0,242.0
7.828,68.29451759142387,68.28961657757837,68.23066148133962,68.22533145133082,1.0,0.0,245.640624
7.915,68.35825618710707,68.7052735292791,68.57890096300358,68.57643507867459,1.0,0.0,247.0
8.009,69.35080228014064,69.04828003209586,69.00631777144658,69.2220544351784,1.0,0.0,248.87999744
8.115,69.71556102092067,69.68589367287359,69.88732824817433,69.94356950048699,1.0,0.0,251.0
8.189,69.94262788603392,69.87174753272465,69.92323869280811,70.21952348924094,1.0,0.0,251.9249984
8.355,70.59648891171867,70.72313427304431,70.6350569616357,70.61540179428057,1.0,0.0,254.0
8.589,71.37350398406738,71.1536236040238,71.27149288557757,71.33989106784071,1.0,0.0,256.9249984
8.755,72.07781644079962,72.00811942842779,72.13031197169244,71.87851119977688,1.0,0.0,259.0
8.849,72.02002199065757,71.90623264681953,72.17188767324285,72.04642432739757,1.0,0.0,259.39166613333333
8.948,72.13803548332898,72.19882805389075,72.28877990731102,72.28337015294291,1.0,0.0,259.8041664
8.995,72.37984314533661,72.32482075178218,72.15957244984244,72.40969907299555,1.0,0.0,260.0
9.149,72.4760165376008,72.46556637243233,72.45277328410477,72.45821330700183,1.0,0.0,260.9624992
9.155,72.50706979675627,72.3840170281006,72.37627626962605,72.52018081837197,1.0,0.0,261.0
9.354,73.28234135651557,73.42995588775035,73.17788525334517,73.1898580998773,1.0,0.0,264.0
9.449,73.50886210087029,73.70224862604358,73.50325607195033,73.52942617906176,1.0,0.0,264.95000064
9.554,73.81672028753832,73.7728508671042,73.95983459914171,73.9466921550409,1.0,0.0,266.0
9.749,74.32666380779133,74.36300176544394,74.26792575317889,74.48418608181635,1.0,0.0,267.8281256
9.874,74.64047934614587,74.75602050204107,74.75747129174668,74.71412339987653,1.0,0.0,269.0
10.087,74.82869781036966,74.6987790089108,75.21707078279167,74.80154230261743,1.0,0.0,269.53249984
10.268,75.0778206966184,74.94782214274333,74.97536947500703,74.95228174390053,1.0,0.0,269.98500032
10.274,74.8996291529531,74.92469450684162,75.25121327266191,74.95234623535332,1.0,0.0,270.0
10.434,74.96600738709475,75.08720232294148,74.82697027710509,75.00773294502915,1.0,0.0,270.0
10.448,75.19076507259061,75.18261800306885,74.88671871900961,75.0689857763539,0.9956521393465171,0.0,270.260871639209
10.595,76.04939754437517,75.83593852933126,76.05966581060109,75.81207963179034,0.95,0.0,273.0
10.688,75.66945370497055,75.60328364769268,75.45641908510304,75.46525140553163,0.6344645028571428,0.0,271.67142948571427
10.748,75.17136443226303,75.24067379022753,75.14228064901495,75.19973957784535,0.4308930742857142,0.0,270.81428662857144
10.875,74.69247783503188,74.74805963372077,74.64018633556513,74.68173971488481,0.0,1.0,269.0
11.108,71.69595648300175,71.98922498696302,72.1241959626077,71.83593174722986,0.0,1.0,259.29166933333335
11.115,72.1361812370485,72.10504125772731,71.83926041770025,71.96411061847348,0.0,1.0,259.0
11.408,64.41594499649133,64.24919851253009,64.48979806392049,64.38856278012699,0.0,1.0,231.69773323636363
11.555,60.64200297143696,60.63900075817564,60.663916286709295,60.640218906302785,0.0,1.0,218.0
11.729,57.53196574781674,57.673333395106354,57.75392124478436,57.703877237742695,0.0,1.0,207.56000768
11.755,57.30030369823271,57.281800640008214,57.33922679403271,57.32291441300977,0.0,1.0,206.0
11.848,56.36164436233928,56.480402304680865,56.35565433965085,56.46119093271933,0.0,1.0,203.01071634285714
12.035,54.92854628412547,54.709019402066595,54.732145576313,54.78321936749286,0.0,1.0,197.0
12.188,53.051282289578694,53.056715525405856,53.10957633116586,53.11045130456838,0.010928566857142859,1.0,190.98928822857144
12.315,51.788245372182715,51.68685056358824,51.67989278278401,51.84769182513029,0.02,0.0,186.0
12.515,50.479300420742945,50.12724275588199,50.629918465263636,50.32239451340953,0.12,0.0,181.0
12.549,49.922712133606325,49.847155656096845,49.66707482966567,49.958717815314884,0.16958314666666666,0.0,179.86667093333332
12.755,47.904587161073515,48.077316061623634,47.8539207136365,48.285236935942834,0.47,0.0,173.0
12.869,48.400905642288635,48.52759772909865,48.425714635628474,48.46842123881726,0.6077498453333333,0.0,174.4249984
12.995,48.98034101910458,48.89203093774266,48.96308890912155,48.865464347354425,0.76,0.0,176.0
13.149,49.445164188616374,49.398792558549744,49.354688402261935,49.326026646237395,0.7435000137142858,0.0,177.64999862857144
13.275,49.75735094474359,49.906312271224714,49.753317457572585,49.73687294559082,0.73,0.0,179.0
13.328,49.771204094701645,49.67727476815949,49.78334834921863,49.84731330790524,0.734968744,0.0,179.4968744
13.595,50.39779369857533,50.58028487278774,50.60448542910844,50.59744261163821,0.76,0.0,182.0
13.628,50.76867966798171,50.65318042562988,50.88623740424166,50.75023838468623,0.7589687519999999,0.0,182.515624
13.848,51.59852676168313,51.75131354887806,51.78753314493953,51.65153653057896,0.752093752,0.0,185.953124
13.915,51.857793055609626,51.91078866096878,51.899733249133675,51.869039422014666,0.75,0.0,187.0
14.068,52.14427271620594,52.16238364181959,52.11602764044875,52.14157948066462,0.807374976,0.0,187.9562496
14.075,52.2922110914647,52.37493664348601,52.22646875015639,52.039829352177634,0.81,0.0,188.0
14.315,49.71258792225409,49.751981972715505,49.81882509150707,49.8471794798403,0.12,1.0,179.0
14.329,49.55674617083083,49.644578207258114,49.48319584549883,49.716774784295275,0.1116000768,1.0,178.44000512
14.515,47.58818513455757,47.45966237383643,47.695443622626776,47.669398058169065,0.0,1.0,171.0
14.789,45.06739713517513,45.14065510004396,45.05713132317386,45.027381776430026,0.009785709714285714,1.0,162.19286125714285
14.795,45.224685207787395,44.97193872482311,45.041316736678745,44.85875712235044,0.01,1.0,162.0
15.009,43.3946465948315,43.50072271394063,43.61233772330614,43.45582849083292,0.24183319466666667,1.0,156.65000320000001
15.035,43.366728191812726,43.488867033201494,43.368395717551884,43.37967247233745,0.27,0.0,156.0
15.329,41.93212558651996,42.08529265580232,42.25246226956137,42.07142155734946,0.563999872,0.0,151.406252
15.355,41.88300279061294,41.94879725425057,42.07519151223379,42.06957696130072,0.59,0.0,151.0
15.589,42.93759206093137,43.00155639823296,43.04645588579621,43.01020633493289,0.7143124319999999,0.0,154.656248
15.675,43.34207483241412,43.3643007956846,43.32062197280928,43.395943874780755,0.76,0.0,156.0
15.835,44.0715668062289,44.17212763285139,44.11996904071198,44.24930253126372,0.82,0.0,159.0
15.849,44.26549072079712,44.099653547928,44.0484207254722,44.0013218198516,0.8261634731030618,0.0,159.26414884727407
15.994,44.77096600928171,44.97986038150278,44.97176099989666,45.12345588654318,0.89,0.0,162.0
16.009,45.22384141789158,45.26457349530117,45.08182335756213,45.09436604749729,0.8934375146666667,0.0,162.71875306666666
16.169,47.215156410039945,47.13058731279958,47.33647485046585,47.18687234152445,0.9301041813333333,0.0,170.38541973333332
16.389,50.20463468369607,50.26241361085242,50.2171325339071,50.50580494172616,0.9805208480000001,0.0,180.9270864
16.474,51.41565352700415,51.39335118352482,51.30064841761664,51.54007755849937,1.0,0.0,185.0
16.634,52.4711125748173,52.37374807743569,52.334943979707994,52.273372296915895,1.0,0.0,189.0
16.648,52.73366078627711,52.60599942383642,52.71993298007075,52.54833672683742,1.0,0.0,189.58333866666666
16.874,55.39047104638871,55.27573832949456,55.11278164780701,55.45774312621625,1.0,0.0,199.0
16.988,56.1700218547196,56.03560221282461,56.139853951232425,56.233218010683835,1.0,0.0,202.42000384
17.074,56.82023997976233,56.92402683338833,57.05026694428651,56.843451525583305,1.0,0.0,205.0
17.275,58.907524687934696,58.805023371528726,58.78192350254858,58.98971949009719,1.0,0.0,212.0
17.288,59.02938517350313,58.92369782411322,59.06612480846012,59.05605408427953,1.0,0.0,212.27857005714284
17.555,60.60904311926247,60.39974605210633,60.720179837135525,60.46089605608003,1.0,0.0,218.0
17.628,61.175538279235255,60.994667368015776,61.03791800695324,61.128150771526506,0.951333376,0.0,220.027776
17.915,63.27640575616854,63.248786792929074,63.295733913017365,63.390936755779535,0.76,1.0,228.0
17.948,62.404685010159206,62.50311328524418,62.147282923687705,62.34720545585546,0.6903334684444445,1.0,224.6083399111111
18.009,60.78753849009527,60.686466598460626,60.65590263358384,60.63609086963807,0.5615558257777777,1.0,218.33890204444444
18.168,56.04511912005862,56.11633712329956,56.08229070674978,56.10051581822288,0.22588902400000002,1.0,201.9972288
18.275,52.86727565006138,52.97891009861792,53.17529325660437,53.315947750539195,0.0,1.0,191.0
18.475,46.67237100720325,46.67602133139822,46.60506735680426,46.594673542954126,0.0,1.0,168.0
18.528,45.17573760855146,45.16077989399351,45.17469543323857,45.12089597122998,0.0,1.0,162.5107209142857
18.688,40.85698952270852,40.57634181983706,40.437922047755784,40.48937263035021,0.0,1.0,145.93929234285713
18.755,38.692577495098554,38.654985472868866,38.70845359607819,38.684491034184205,0.0,1.0,139.0
18.948,35.429101071267084,35.441498511076766,35.55347800838568,35.445851648150985,0.0,1.0,127.7416704
18.995,34.81574290591206,34.77456534741485,34.608127887452795,34.77932972785882,0.0,1.0,125.0
19.068,33.79948670515961,33.823013234230714,33.75863779046359,33.87387948840027,0.0,1.0,121.61071725714285
19.268,31.188421815289598,31.25673711252755,31.22003248688009,30.965730810189676,0.0,1.0,112.32500297142857
19.275,31.121920301044817,31.051731583063706,31.172968018539986,30.87466761155054,0.0,1.0,112.0
19.548,27.23583978157299,27.369232875406638,27.249380679890084,27.344500929645893,0.0,1.0,98.3500032
19.595,26.56169542973695,26.817061661945992,26.39550809696221,26.510268255685155,0.0,1.0,96.0
19.795,24.95658948517925,25.029428655105413,24.97052881215714,24.912748912116363,0.0,1.0,90.0
19.808,24.85339819129033,24.98192900240798,24.795379278567793,24.74213386845719,0.0,1.0,89.6750016
20.048,23.262499236323535,23.230087125897782,23.282074183253926,23.22545311045941,0.0,1.0,83.6750016
20.155,22.623080002139027,22.556332243171447,22.53943331815243,22.422479010241464,0.0,1.0,81.0
20.328,22.16928879066036,22.097784261459058,22.053864324025874,22.026131043365556,0.0,1.0,79.55833386666667
20.395,21.833138153594167,21.849738354838212,21.958589257675833,21.85169420272816,0.0,0.0,79.0
20.549,21.796082702632283,21.944004695349598,21.894786927272573,22.010161034169585,0.12949989236363638,0.0,78.65000029090909
20.709,21.89660867884739,21.660470575535697,21.886850706737615,21.77682626434693,0.26404534690909093,0.0,78.28636392727273
20.835,21.631738153954366,21.482373024805586,21.765796105482448,21.67241876124757,0.37,0.0,78.0
20.888,21.918305783808012,22.01550274330292,22.047191142262314,22.093235279533705,0.3647000064,0.0,79.3249984
21.035,23.06409631856155,23.071504116184265,23.110379152476384,23.096948410274358,0.35,0.0,83.0
21.069,23.13672329571572,23.471338291778256,23.350783000977515,23.528398542149663,0.37266658133333336,0.0,83.99166293333333
21.275,25.13955146952498,25.129065587189515,25.090212787191437,25.048413327088035,0.51,0.0,90.0
21.309,25.217440039501515,25.339175961279732,25.44327825530142,25.37903216620392,0.5344374080000001,0.0,91.2749952
21.595,28.261257062006408,28.32024777787471,28.44191114213469,28.174626758243804,0.74,0.0,102.0
21.609,28.47195863160768,28.512828385465745,28.383372555688553,28.709807837965037,0.750499904,0.0,102.583328
21.835,31.278524297720516,31.074023277024565,31.017839061756984,30.949896744325983,0.92,0.0,112.0
21.949,33.279074587462226,33.31792622616487,33.43350051673913,33.35154752966008,0.948499968,0.0,120.1937408
22.109,36.62024373408629,36.67538258408048,36.54033001075633,36.639546807697975,0.988499968,0.0,131.6937408
22.155,37.26360556527673,37.38812673914047,37.45403202563321,37.5703403767341,1.0,0.0,135.0
22.315,38.81636300033334,39.069902968065534,38.779153216117386,38.960599322641,1.0,0.0,140.0
22.389,38.79796101415335,38.96700522073481,38.83375848221368,38.85880961206454,1.0,0.0,140.0
22.515,38.73086916286243,38.9941444566618,39.05066458957395,38.824894310708615,1.0,0.0,140.0
22.754,43.0616160939134,43.08878783332262,42.923882038104225,43.02619554847063,0.0,1.0,155.0
22.849,40.929582551407066,40.98904234245582,41.08905931290789,40.937786557874276,0.0,1.0,147.4791616
22.994,37.761244614365346,37.96694062104705,37.674317577899025,37.813363688039715,0.0,1.0,136.0
23.148,33.39965144478656,33.45528778972394,33.15491185154888,33.23052410149878,0.0,1.0,119.6374864
23.154,33.05841489865834,33.11942709817951,33.027505114469704,33.08093938213934,0.0,1.0,119.0
23.394,28.41778734565525,28.495806238340148,28.241979808047315,28.29143445992357,0.0,1.0,102.0
23.488,25.424636215875825,25.3312687025863,25.271359323588428,25.323416556964958,0.0,1.0,91.4249856
23.554,23.25785471052251,23.349122664972516,23.374089974308205,23.46582036409637,0.0,1.0,84.0
23.755,21.067204082244583,21.11581578333733,21.053006325340775,21.035810000287743,0.0,1.0,76.0
23.868,20.400794181252863,20.23985691221472,20.40489798088161,20.360733911369657,0.0,1.0,73.1750016
24.035,19.240588009318188,19.24070643524347,19.128915188931188,19.16112074865053,0.0,1.0,69.0
24.108,18.365771795281038,18.510612040758673,18.39968593907851,18.40203412255708,0.0,1.0,66.2625024
24.275,16.67858475225927,16.785642135854133,16.629837040627542,16.671853024665364,0.0,1.0,60.0
24.388,16.2062514003662,16.240297908376096,16.113336733357134,16.287402340368583,0.0,1.0,58.30500096
24.475,15.87114149322702,15.808910835352911,15.801506930594158,15.823640423938436,0.0,1.0,57.0
24.635,15.54485794847448,15.525740539018468,15.631569975780213,15.57168924380579,0.0,1.0,56.0
24.748,15.211743595884476,15.094589449645834,15.333692267682494,15.271344596266333,0.0,1.0,54.5875008
24.795,15.140602163490424,14.715498541871906,14.96823521516054,14.948430773370776,0.0,0.0,54.0
24.928,14.632741068817474,14.351442108176665,14.50542191980125,14.341725097090094,0.0,0.0,52.005000960000004
24.995,14.19943733945401,14.077052361312125,13.993558759014608,14.122124151611246,0.0,0.0,51.0
25.129,13.854016344810665,13.787375409287502,13.834871196564375,13.718133190266528,0.008374992,0.0,49.7437512
25.315,13.378730515411716,13.269754436368784,13.28097614284544,13.237116820293975,0.02,0.0,48.0
25.468,13.024192776182081,13.137583790515931,13.19179542051054,12.999158473727839,0.0276499968,0.0,47.23500032
25.515,12.983926552372816,13.275432947003104,13.052304114188155,13.126893248575886,0.03,0.0,47.0
25.768,13.647872503631325,13.636017313938089,13.869777114798772,13.680999211467325,0.121361088,0.0,49.1083328
25.875,13.788009253226999,13.80547715084346,13.75785189138199,14.180598841872747,0.16,0.0,50.0
25.929,14.176763011103576,14.134998370196728,14.132739325662572,14.147362485413234,0.1788999552,0.0,50.80999808
26.075,14.616490672345899,14.635873093057722,14.718850543597684,14.775458911693063,0.23,0.0,53.0
26.189,15.001679534218654,14.997696733995937,15.151928736971714,14.924511585276742,0.272749952,0.0,54.4249984
26.315,15.45252513665148,15.654370879011474,15.44389698984217,15.547640350000131,0.32,0.0,56.0
26.408,16.504077989331396,16.5199222226052,16.523447955727672,16.662439822170356,0.35487497599999995,0.0,59.4874976
26.555,18.057778044452473,18.03682807342965,18.206149970562418,18.15438445224536,0.41,0.0,65.0
26.568,18.335635313775498,18.08079560335941,18.17917405369105,18.382450403950557,0.41243748799999996,0.0,65.3249984
26.715,19.298460988138107,19.319593947555667,19.326868124434537,19.122849899970472,0.44,0.0,69.0
26.915,21.147496964373982,21.096675707049112,21.08517075645397,21.237077797991507,0.57,0.0,76.0
26.948,21.575042611431652,21.6204700371966,21.27876586189236,21.437467426867453,0.58546872,0.0,77.4437472
27.089,23.265428434685493,23.416218309481057,23.10164793723593,23.287011584535893,0.65156244,0.0,83.6124944
27.235,25.050186957430586,25.17121024347922,24.870890861430894,25.004080104071353,0.72,0.0,90.0
27.269,25.79848829906816,25.748201883319012,25.96111246815634,25.578543321811797,0.73062496,0.0,92.7624896
27.395,28.673365341087845,28.66846101925042,28.608247489330488,28.50619619446018,0.77,0.0,103.0
27.549,29.540133292532687,29.504027092030984,29.405949910344606,29.55873260501271,0.27591707733333337,0.0,106.20833066666667
27.635,29.947693972252058,30.06636326642604,30.140455750188366,29.823852738196756,0.0,1.0,108.0
28.028,27.49467469912283,27.325963844312653,27.248653783585542,27.58549852080705,0.0,1.0,99.15750144
28.035,27.644878654506808,27.616016509803487,27.49161461891714,27.591128874025827,0.0,1.0,99.0
28.209,26.13950111326045,26.15598421051711,26.213041574818867,26.502909339071778,0.0,1.0,94.6500032
28.235,26.225598678128776,26.010160664470792,26.060152450640178,26.168435182883314,0.0,0.0,94.0
28.389,25.387807692949075,25.56714787731674,25.567105752048544,25.37427818972045,0.0,0.0,91.69000192
28.435,25.43514515650099,25.382072584030215,25.26942908857113,25.2477876957049,0.0,0.0,91.0
28.595,24.83741068457509,24.524669194312864,24.81669462721093,24.622054508068086,0.0,0.0,89.0
28.609,24.800055617882517,24.709871101347332,24.614378914776477,24.640540586290168,0.011666560000000001,0.0,88.9125008
28.969,24.032889103281835,24.04289712319974,24.057409462819663,24.218212906254756,0.31166656000000004,0.0,86.6625008
29.075,23.900740020384163,23.986045501506613,23.985656642207168,24.021219187766814,0.4,0.0,86.0
29.128,24.219062954131022,24.064335710626434,24.294198886555368,24.21592912137153,0.4211999744,0.0,87.05999872
29.275,24.889558531211957,25.138597802587398,25.032970149721855,25.01790251877783,0.48,0.0,90.0
29.369,25.837346794405214,25.783888985293622,25.969428105406223,25.739911444224273,0.5176942023992152,0.0,92.82706517994114
29.674,28.331036206693025,28.368196893008957,28.43788666949836,28.354353823446647,0.64,0.0,102.0
29.749,29.415825460434625,29.367349275638453,29.284524163753208,29.272650469934522,0.7108333937777778,0.0,105.54166968888889
29.988,32.44387597709039,32.37110492358206,32.50264153515619,32.46315255090657,0.9365556764444445,0.0,116.82778382222222
30.034,33.06433915240001,33.042311629473744,32.8627111229333,33.08424156881888,0.98,0.0,119.0
30.194,34.66419383103408,34.646151889020295,34.451697821554475,34.767631809404655,1.0,0.0,125.0
30.288,35.704233168973644,35.92784255641172,35.88288282030044,35.75334326207645,0.6099582858423614,0.0,128.90041714157638
30.435,37.44719331083138,37.326187225119504,37.49114872436671,37.599112427783346,0.0,1.0,135.0
30.688,33.27787645129423,33.139631056111774,33.21780780151246,33.391564587847995,0.0,1.0,119.6392896
30.715,32.61021273148504,32.79844362207833,32.70073811080262,32.75395542435544,0.0,1.0,118.0
30.908,30.402428324568362,30.472436002033902,30.28335389622728,30.568303085743363,0.0,1.0,109.42222506666667
31.075,28.35504998290564,28.24842718838167,28.282815653259178,28.488014126243595,0.0,1.0,102.0
31.188,27.658846580541734,27.781361519592224,27.820602305338607,27.81617263913207,0.0,1.0,99.8812512
31.235,27.488976388330837,27.54578909763225,27.452584244728207,27.563941470122586,0.0,1.0,99.0
31.408,26.33130320226734,26.51219705601171,26.397284395241908,26.28999201677914,0.0,1.0,94.6750016
31.435,26.169803723550455,25.97976565483793,26.039973169342005,26.277201820557927,0.0,0.0,94.0
31.568,25.236282502882478,25.150145075008844,25.144421004585155,25.02304766603668,0.027708319999999998,0.0,90.6750016
31.675,24.408580547074063,24.37478973061562,24.490954655578413,24.622359669942686,0.05,0.0,88.0
31.835,23.845683301266615,23.85957542829695,24.056254294938203,23.87213556422535,0.11,0.0,86.0
31.889,23.990109980567606,23.82200894223229,23.8409589578454,23.817483661901598,0.17299985066666665,0.0,86.0
32.075,23.90063298284527,23.92999983596037,23.840891422810724,23.951538578168325,0.39,0.0,86.0
32.228,24.920022968988906,24.91008347667339,25.050331183358626,25.170798661992826,0.466499968,0.0,89.8249984
32.395,25.941838758258445,26.191890148774657,26.0885237621899,26.258107195408684,0.55,0.0,94.0
32.469,26.927019328603883,27.000340873676503,27.06645886152362,26.754809084918424,0.6165998848,0.0,96.95999488
32.595,28.424711262586648,28.38417953982214,28.429168959138753,28.39531996207692,0.73,0.0,102.0
32.648,28.890174878121282,28.881471275173695,28.808874706793855,28.833629550546693,0.7803499392000001,0.0,104.11999744
32.795,30.371189926836024,30.477089992714024,30.52340111949967,30.632343288889622,0.92,0.0,110.0
32.828,31.166162698613658,31.092309710448507,31.163827006434435,31.33274951475178,0.927333319111111,0.0,112.10832924444445
33.128,36.35270112637812,36.47607500831948,36.4563480054106,36.76321831345664,0.9939999857777778,0.0,131.27499591111112
33.155,37.09907534989145,36.85590069488477,37.01637157133503,36.98362282785634,1.0,0.0,133.0
33.315,38.78628445900595,38.60837947039388,38.69488013523304,38.646897484319354,1.0,0.0,139.0
33.368,39.07426763854796,39.000865917953014,39.04054381229926,39.0489742360272,1.0,0.0,140.656248
33.475,40.088355788048155,39.923208146419334,40.094084021308845,39.976316417450796,1.0,0.0,144.0
33.635,41.62264228782558,41.73063130092583,41.82082283702263,41.654615495640066,1.0,0.0,150.0
33.768,44.21222044124643,44.05471360139805,44.38144664431634,44.104976513048875,1.0,0.0,158.8666624
33.995,48.325205782558584,48.47803460918039,48.311767148423755,48.17321843322235,1.0,0.0,174.0
34.155,49.3731833265016,49.42800829672204,49.310799842730844,49.50484259167478,1.0,0.0,178.0
34.169,49.614995998876594,49.47801346600351,49.676082958003164,49.64465879190197,1.0,0.0,178.59999451428573
34.329,51.44628661160425,51.691159006967084,51.39667793490384,51.56337143674385,1.0,0.0,185.45713737142856
34.435,52.87773050601727,52.733929931581855,52.612052751293774,52.78461004676597,1.0,0.0,190.0
34.528,53.828866690828654,53.96590690500704,53.94102751693295,53.773222613682236,1.0,0.0,193.87499733333334
34.675,55.467365035859395,55.502614275302825,55.6153166686992,55.60530418655989,1.0,0.0,200.0
34.729,56.0281428189645,55.936111967841484,55.79847309858813,55.87306819751411,1.0,0.0,201.3499968
34.915,57.29106981841193,57.14744556838116,57.2763661053027,57.262846992372104,1.0,0.0,206.0
34.989,57.97889432213948,58.14199921971658,57.95513711638613,58.11192885971947,1.0,0.0,209.083328
35.088,59.31202805724634,59.226028939484195,59.16314670175452,59.26916808571996,1.0,0.0,213.20833066666665
35.155,59.90941265137439,59.981467181098154,60.06117426959801,59.91518390176791,1.0,0.0,216.0
35.315,60.58682119667471,60.36661535516889,60.516014920452506,60.38693343495043,1.0,0.0,218.0
35.368,60.947984116476995,61.07431494970159,61.10748865769794,61.03597159817757,1.0,0.0,219.58999808
35.515,62.23019562368976,62.193552809246995,62.25301708827114,62.165269701705704,1.0,0.0,224.0
35.549,62.299711204516164,62.420424475673464,62.4513417382668,62.48154584916952,1.0,0.0,224.8499968
35.715,63.60129222309097,63.61376843920771,63.632449473951276,63.435142398741014,1.0,0.0,229.0
35.769,63.9340392735831,64.10867405315689,63.92632437600863,63.98098216537911,1.0,0.0,230.0124976
36.035,65.47092295346823,65.35554555331004,65.23409025774701,65.35754581161287,1.0,0.0,235.0
36.089,65.67294567616825,65.62967052667248,65.53011090097634,65.55181868363474,1.0,0.0,236.3584889863515
36.169,66.17887938404013,66.21118946049624,66.14795460266093,66.38387258415783,1.0,0.0,238.37107003299022
36.194,66.56649343029689,66.32178630590393,66.34214951552781,66.51868466952297,1.0,0.0,239.0
36.434,67.33716545325423,67.34304895747503,67.59817628371599,67.2535366959968,1.0,0.0,243.0
36.448,67.596301642933,67.53952968405781,67.70407962894937,67.45225135601655,1.0,0.0,243.2500022857143
36.714,68.88067882780565,68.8242604502171,69.0228884691297,68.74916340902226,1.0,0.0,248.0
36.888,69.56773097559956,69.55392953287149,69.66963773215171,69.70211482970291,1.0,0.0,251.0960855713579
36.995,70.22110734545488,70.23689097780336,70.15589563966903,70.41727685150792,1.0,0.0,253.0
37.088,70.63825960006918,70.5354568119199,70.70143395250953,70.56671097279497,1.0,0.0,254.3285705142857
37.208,71.06096008322291,71.1381002169562,71.16573620470047,71.24788937213259,1.0,0.0,256.04285622857145
37.275,71.23874121466191,71.5392573655494,71.32484495715919,71.37440319081274,1.0,0.0,257.0
37.548,72.37299385150581,72.20022340527214,72.27824102195204,72.4174423193322,1.0,0.0,259.84374933333334
37.755,72.75054230143311,72.79009080579175,72.74612630352011,72.75953620107136,1.0,0.0,262.0
37.908,73.0265281648982,73.08400846013289,73.09590048557331,72.95254668269477,1.0,0.0,262.76499968
37.955,72.98339191303559,72.98936857027864,73.09619897869835,73.03007587632892,1.0,0.0,263.0
38.088,73.21222977568127,73.31786188646396,73.1561911652823,73.16232877397981,1.0,0.0,263.4749997714286
38.228,73.3195343231063,73.26826998299958,73.24009776453035,73.30501030960352,1.0,0.0,263.9749997714286
38.235,73.39745006891528,73.24328947373328,73.31158346273222,73.41729594409055,1.0,0.0,264.0
38.409,73.81754259601182,73.87387623209716,73.97612630003637,74.09107082721793,1.0,0.0,266.4166648888889
38.595,74.7229085084275,74.70508854748842,74.67277105913145,74.86818349960367,1.0,0.0,269.0
38.729,75.11939497058596,75.01530090018073,74.95464773327615,75.08626792327982,1.0,0.0,270.1166656
38.835,75.23100076044145,75.30710344962533,75.23042198827414,75.2687127118115,1.0,0.0,271.0
39.009,75.60461943699718,75.72288590970894,75.60893571383282,75.59891295357235,1.0,0.0,272.44999893333335
39.195,76.09999686210585,76.11278252397368,76.03860188852188,75.95802015756729,1.0,0.0,274.0
39.208,76.05738472900451,76.04782276226955,76.09463920118772,76.08275355928981,1.0,0.0,274.1218744
39.428,76.70718293189253,76.69991872405882,76.84403222381309,76.6333603154457,1.0,0.0,276.1843744
39.515,76.75557310769112,77.02036480799755,76.99068009947675,76.9565862757042,1.0,0.0,277.0
39.715,77.6497930731605,77.4769387306852,77.52273178504947,77.6966334801994,1.0,0.0,279.0
39.849,77.98955760448362,77.95316118431506,77.99541988901795,77.96065688935353,1.0,0.0,280.4357129142857
39.995,78.5816506076986,78.37126332662447,78.2437165586772,78.35094416493396,1.0,0.0,282.0
40.049,78.33630386886894,78.5588275789338,78.34129357356369,78.49964115102343,1.0,0.0,282.26999936
40.195,78.30372275324424,78.48609292203433,78.57359525023546,78.53591310681938,1.0,0.0,283.0
40.429,79.12331857218409,79.2065126090735,79.0585217828882,79.079587870815,1.0,0.0,284.6714276571429
40.475,79.1995891456908,79.20939349652328,79.2186921569941,79.15281738805122,1.0,0.0,285.0
40.689,79.1456923942298,79.31072971335747,79.41144212161036,79.51627242304416,1.0,0.0,285.6687496
40.795,79.53478556534965,79.45861012943163,79.31953917394463,79.60796130729456,1.0,0.0,286.0
40.955,78.93648614953348,78.9737259901688,78.79852379469814,78.79941870769763,0.84,1.0,284.0
41.088,75.17028042332954,74.98707472019903,75.27222757945358,75.1211703070403,0.44100019199999996,1.0,270.2250066285714
41.235,70.81881174993107,70.75203694383973,70.65455420200922,70.87830983543631,0.0,1.0,255.0
41.269,69.4018175494915,69.4378802570038,69.38459395085866,69.25057430808555,0.0,1.0,249.6682018909091
41.429,62.524925834774955,62.366579743543085,62.510942768062954,62.433913488799924,0.0,1.0,224.5772928
41.675,51.62220267747702,51.89521782647405,51.580335606039924,51.806380654460455,0.0,1.0,186.0
41.789,48.656998492627466,48.46732974653998,48.40484570300795,48.56278979663523,0.0,1.0,174.6000128
41.915,44.945715234243885,44.96395520459311,45.08205861753959,44.98763574473331,0.0,1.0,162.0
42.009,43.17508879765255,43.17461481764708,43.21660837913597,43.06943703500084,0.0,1.0,155.2437592
42.209,39.1144564367734,39.20719791258308,39.01493179708379,39.14505900195675,0.0,1.0,140.8687592
42.235,38.71921095398211,38.66765174792652,38.64887899333927,38.57511723928127,0.0,1.0,139.0
42.475,33.39375815977077,33.42787393054906,33.35418564249835,33.46514347411819,0.0,1.0,120.0
42.489,33.14581266385985,33.27770329460547,33.21218150986653,33.19481880338592,0.0,1.0,119.5916704
42.689,31.635737327423453,31.721690369732883,31.65997240701983,31.567625237382863,0.0,1.0,113.75833706666667
42.715,31.4328086003203,31.40126542613454,31.29694085650774,31.334138573683948,0.0,1.0,113.0
42.954,26.806636363387433,26.88699005999252,26.986108091825443,27.003113038401278,0.0,1.0,97.0
43.068,26.233659822190734,26.290786534996627,26.248508895334584,26.205804910469418,0.0,1.0,94.78333084444445
43.188,25.683686181936572,25.64461051915318,25.664366029420275,25.692609510587985,0.0,1.0,92.4499975111111
43.314,25.012345520864802,24.910138509428297,24.922239080094748,25.181560759857625,0.0,0.0,90.0
43.475,24.249982417306796,24.040235607748194,24.277877305028728,24.150069168127416,0.0,0.0,87.0
43.548,23.52918441444202,23.622122007982654,23.551182591508287,23.607821454480842,0.0,0.0,85.1750016
43.755,22.09815805256636,22.229756029503854,22.23236000836875,22.36410771074244,0.0,1.0,80.0
43.828,21.979701235916576,22.147789166931258,21.921592941343956,21.878615742552146,0.0,1.0,79.0875008
44.075,21.07171025553562,21.279120105398277,21.117550699129517,21.032926683296854,0.0,0.0,76.0
44.088,21.199634277489473,21.114940864926954,21.096311629764745,21.23593672362556,0.0037916480000000003,0.0,75.729168
44.315,19.772656709931567,19.802506563032008,19.67201834221053,19.833443184096758,0.07,0.0,71.0
44.328,19.63051409984412,19.71221208070909,19.812071517148116,19.81161896501563,0.0800749504,0.0,70.96750016
44.715,19.264089751206104,19.419058880236108,19.523702764949245,19.512300976151018,0.38,0.0,70.0
44.788,19.765744856820362,19.835716156217842,19.86598163966188,19.806615813227133,0.41649996799999994,0.0,71.09499904
44.915,20.329825841778245,20.154395108761403,20.202802020016993,20.291453178694482,0.48,0.0,73.0
44.969,21.1038657652989,21.032318369177926,21.075279245322193,21.111732363004425,0.5047499413333333,0.0,76.14999253333333
45.155,24.20448256432064,24.206712947668688,24.205078779239773,24.113976199197165,0.59,0.0,87.0
45.328,26.668166190217814,26.725599953981824,26.67530074921474,26.586578751192608,0.757593688,0.0,95.6499968
45.475,28.67168730411873,28.4954062279447,28.59473118342018,28.56923585304853,0.9,0.0,103.0
45.715,31.929810244244525,31.898635008554585,32.11199573546659,32.08417687596653,1.0,0.0,115.0
45.789,33.007214364292274,32.63031503514351,33.10410057483698,32.88859917812449,1.0,0.0,118.43570834285714
45.948,35.062343514508626,34.787663001247694,34.9210992404071,34.896978188818395,1.0,0.0,125.81785417142856
45.995,35.488970154227154,35.42083497620619,35.51461264974221,35.68970206271227,1.0,0.0,128.0
46.155,38.83502282699779,38.43740507722834,38.670763868864945,38.72148983157565,1.0,0.0,139.0
46.288,40.920362535692135,40.810313562389595,40.93444710857291,41.053392181101856,1.0,0.0,147.312496
46.395,42.78264134740111,42.88850044074749,42.91245755138331,42.74024670349732,1.0,0.0,154.0
46.569,44.934158390824905,44.86616478685931,45.088161122829305,45.08564763422962,1.0,0.0,161.82999424
46.795,47.964183204549194,47.830170014754174,47.85822444177601,47.78075392040432,1.0,0.0,172.0
46.828,47.82188033314022,47.76025523408123,47.77636851046089,47.70427855053652,1.0,0.0,172.0
46.995,47.81888611479265,47.66942389028026,47.774547014909544,47.79643823009024,1.0,0.0,172.0
47.189,50.82405132743993,50.866635940586406,50.72429865158704,50.8698646567316,1.0,0.0,183.15499264
47.368,53.62850065073737,53.8407631463118,53.63122894988762,53.67409184060676,1.0,0.0,193.44749632
47.395,54.05920882271818,54.1648891004545,54.074247934688024,54.20093915310646,1.0,0.0,195.0
47.555,56.242508727246246,56.060522578858,56.115566842954976,56.23343098400911,1.0,0.0,202.0
47.715,56.98671020836883,56.85382545281066,56.86427765469998,56.959652825226506,1.0,0.0,205.0
47.829,58.17610445573298,58.270834517200335,58.170682728868,58.20736924938702,1.0,0.0,209.2749952
47.955,59.55399834399315,59.51087388575777,59.298651356473606,59.517128224014684,1.0,0.0,214.0
48.115,60.244424123826256,60.255992064507424,60.1893846006927,60.33380047696381,1.0,0.0,217.0
48.168,60.69824473096024,60.523640894423856,60.61537442025844,60.92764444273443,1.0,0.0,218.5142838857143
48.395,62.50557789546193,62.34608579200333,62.38474220647205,62.48268623054016,1.0,0.0,225.0
48.408,62.53162864112533,62.61716286976868,62.74619554882786,62.60319414423844,1.0,0.0,225.25999872
48.629,63.76034203984417,63.78167497865729,63.61911837964023,63.662258476068075,1.0,0.0,229.67999744
48.795,64.80871408430876,64.5164730264577,64.69840031857022,64.80439622861442,1.0,0.0,233.0
49.035,65.35390849668113,65.24212670305633,65.21270708140223,65.19693981245717,0.06,1.0,235.0
49.069,64.56260554710572,64.45551348788328,64.41464223710706,64.3351687337352,0.0498000384,1.0,231.94001152
49.235,60.1527773960382,60.34892279137131,60.286857000425314,60.241964290484354,0.0,1.0,217.0
49.249,59.96014929161376,59.88227136503067,60.04931052491385,60.07888284490453,0.0,1.0,215.88001024
49.435,55.95867863229112,55.87536261404626,55.699281462046855,55.782713931328246,0.0,1.0,201.0
49.469,55.324407006700184,55.66905175565197,55.45778517320914,55.23292816900284,0.02276143887111407,1.0,199.29289208466645
49.674,52.331637523862746,52.599404561583405,52.483380224844176,52.323799178036204,0.16,0.0,189.0
49.708,52.47452525299303,52.17792404899073,52.44689025300124,52.1260999095167,0.2066335696916574,0.0,188.57605845734858
50.028,51.3960113835886,51.282245418198386,51.13281904554639,51.04686435104923,0.6455361026859557,0.0,184.58603543012768
50.075,51.036484595631535,51.032801303727766,51.21959504318638,51.0149710108996,0.71,0.0,184.0
50.208,51.709087021712634,51.68879119797351,51.546077700509656,51.53256797367798,0.776499968,0.0,185.89999908571428
50.355,52.10809947534086,52.31022928516602,52.20159268573561,52.24741651914129,0.85,0.0,188.0
50.368,52.285767103229134,52.39006193739586,52.259569801847974,52.35130465604773,0.8569642514285714,0.0,188.13928502857144
50.548,52.840619374262275,52.699136677087324,52.9254822563041,52.97816408928604,0.9533928228571429,0.0,190.06785645714285
50.635,53.06566798687289,53.007114910505486,53.00404019178512,53.003118912738216,1.0,0.0,191.0
50.768,54.29792097641138,54.0769460765381,54.2521245291636,54.10698985188675,1.0,0.0,194.98999808
50.835,54.67570158412606,54.9161355803392,54.40378184514825,54.88769285141441,1.0,0.0,197.0
51.035,56.457796050663696,56.23572354383428,56.462356728405716,56.26883342449102,1.0,0.0,203.0
51.068,56.748769808368166,56.6061634749137,56.64499746382038,56.715689396409445,1.0,0.0,204.2374976
51.268,58.77700744845146,58.6672003232442,58.75083867583446,58.76777212340659,1.0,0.0,211.7374976
51.275,58.965048735075044,58.96796821829329,59.041903903994104,58.901648662704886,1.0,0.0,212.0
51.548,60.89215792374002,61.03775296734575,61.076287720392486,60.97001407295249,1.0,0.0,219.39374826666668
51.728,62.316731799918166,62.363555000483146,62.18075069374089,62.30017147801568,1.0,0.0,224.26874826666668
51.755,62.51743346059102,62.44616456188409,62.467156768016565,62.63515663907129,1.0,0.0,225.0
51.915,62.83823323005824,62.79479721808607,62.786267900000446,62.74753814387407,1.0,0.0,226.0
52.049,63.515797981432044,63.338088460190605,63.405907148103,63.502923754506334,1.0,0.0,228.2333312
52.155,63.906000039878805,63.852699197797044,63.88781103480964,63.97654246503004,1.0,0.0,230.0
52.289,64.39764554319717,64.49024755237635,64.32274400288289,64.4916539825278,1.0,0.0,232.2333312
52.395,64.94154570545174,65.11584606054225,65.11483937966784,64.99088531788234,1.0,0.0,234.0
52.555,65.62821324067716,65.59332358596711,65.60250684419611,65.55404721095718,1.0,0.0,236.0
52.569,65.63419014099702,65.56388372176524,65.5956746792447,65.4037398912529,1.0,0.0,236.27999744
52.755,66.65428994459417,66.43438424557523,66.75668157402518,66.80248827615817,1.0,0.0,240.0
52.869,66.82956146725238,66.69019295386963,66.77493381092873,66.64051559182874,1.0,0.0,240.0
53.035,66.73058039491902,66.73722589606498,66.72874711788036,66.69750682069932,1.0,0.0,240.0
53.109,67.37243942863144,67.37451861377635,67.30402591170841,67.40361633156338,1.0,0.0,242.312496
53.195,68.26396861855281,68.17000888459656,68.12385739956852,68.15577541023168,1.0,0.0,245.0
53.355,68.4214983233024,68.71248299430368,68.45352338080018,68.57410318839126,1.0,0.0,247.0
53.595,69.19136539043626,69.12777205432582,69.29533698113633,69.09670555896946,1.0,0.0,249.0
53.628,69.05400659773997,69.03661571671232,68.91726181486463,69.06324464583666,0.9250001454545455,0.0,248.55000087272728
53.848,68.26220115236848,68.22380169638541,67.95307956135426,68.15258071815445,0.42500014545454545,0.0,245.55000087272728
54.029,67.47876582510659,67.49454204775927,67.4429108856023,67.34382347849143,0.013636654545454548,0.0,243.08181992727273
54.035,67.49139222656329,67.65994712947268,67.33978403997463,67.5653896422366,0.0,1.0,243.0
54.195,60.494142593914894,60.63128502340692,60.39998100786586,60.47008631012941,0.0,1.0,218.0
54.249,58.61192747607782,58.6277025159041,58.58643031545639,58.603960130377175,0.0,1.0,211.250016
54.329,55.91811429998851,55.99139622446879,55.87684026531717,55.81915733224541,0.0,1.0,201.25001600000002
54.475,50.86835241287867,50.67975066098507,50.88425774257547,50.90726760124087,0.0,1.0,183.0
54.675,45.58405572156536,45.63194554806405,45.353003055944434,45.42871634561301,0.0,1.0,164.0
54.688,45.50721443773609,45.127698285163355,45.3619068914574,45.452079414746265,0.0,1.0,163.38250304
54.869,42.96794195505612,42.9993002220745,43.10617649366081,42.90755148431423,0.0,1.0,154.78500608
55.075,40.331465917718006,40.199361267572954,40.114917999191555,40.361298097326156,0.0,1.0,145.0
55.228,39.982759202832746,39.70353648393368,39.73726059228658,39.84689934150539,0.0,1.0,143.47000064
55.275,39.669866153749545,39.67989255097081,39.84672767779712,39.60578425489025,0.0,1.0,143.0
55.435,38.79063550229332,38.79316925720268,38.957790529748834,38.6354254330494,0.26,0.0,140.0
55.469,38.91821811570752,38.8635937070071,38.795423367545254,38.961346959804196,0.28833322666666666,0.0,140.0
55.675,38.75645323116489,38.94219547444219,38.79086837163474,38.78018746608184,0.46,0.0,140.0
55.849,38.683224989899955,38.69859135549901,38.676826757590995,38.91538629911139,0.209875184,0.0,139.4562504
55.995,38.488808060019096,38.624065674690506,38.593116830944865,38.576709131693306,0.0,0.0,139.0
56.129,37.998538457236634,37.768695295610144,37.91120413985064,37.7845767865915,0.10501563687461529,0.0,136.47962471500924
56.308,37.17798714914086,36.969145407417265,37.09939162573897,36.877431699332504,0.24529790312601066,0.0,133.11285032497574
56.314,36.87072481077399,37.03333137850565,36.96567701194653,36.916865089133346,0.25,0.0,133.0
56.468,37.051445860171405,37.31803397826177,37.111422429498795,37.162299784944736,0.567625264,0.0,133.9625008
56.474,37.17346180189895,37.28642411073072,37.125891628150754,37.15172848959908,0.58,0.0,134.0
56.648,38.64719614768744,38.717937840983836,38.6156248798072,38.83246521992005,0.8400711879940637,0.0,139.57295402844423
56.755,39.723905394639,39.867596886854884,39.581403468653164,39.896489425908996,1.0,0.0,143.0
56.808,40.19485789849786,40.15664065884671,39.91037787330917,39.968609989966986,1.0,0.0,144.3249984
57.115,42.06171135543287,42.12904396805044,42.212727519838985,42.38289910491585,1.0,0.0,152.0
57.168,43.14226007864454,43.2120366023296,43.078621245514114,43.13132210978187,1.0,0.0,155.04749632
57.508,48.60430235189678,48.59789751071558,48.37967141515243,48.42038414002258,1.0,0.0,174.59749632
57.515,48.6181935882911,48.56092644743708,48.59618543665793,48.566454427670216,1.0,0.0,175.0
57.749,50.591874523507684,50.52664114866699,50.46014761893641,50.60429697403925,1.0,0.0,181.82499626666666
57.755,50.56033168305335,50.57402191667136,50.632890549896594,50.58927220754805,1.0,0.0,182.0
58.115,53.55288024757582,53.53552401092624,53.6398848962619,53.396871266326414,1.0,0.0,193.0
58.148,53.81075911277919,53.90301754628332,53.80564868866459,53.81062582362591,1.0,0.0,194.031248
58.275,55.07913989774087,54.8498547501734,54.99752225734729,55.01245361751832,1.0,0.0,198.0
58.549,56.75934617981263,56.51095752867223,56.66964540619233,56.42712680030817,1.0,0.0,203.9937472
58.595,56.957102480389786,57.07783551323221,56.94555163878415,56.754789742313484,1.0,1.0,205.0
58.849,52.917446658936456,53.06296937087997,53.041336022253574,52.99814151056864,0.2944448,1.0,190.888896
58.955,51.28470854050425,51.472686808472886,51.1785018808673,51.44069617497754,0.0,1.0,185.0
59.115,51.30479520690117,51.37131952867771,51.300985488274584,51.31123397695816,0.0,1.0,185.0
59.208,46.121098043178165,46.169629806475164,46.262825425748495,46.205121515733374,0.0,1.0,166.109388
59.435,33.28087593367744,33.15013972894424,33.19896470003888,33.35614485777122,0.0,1.0,120.0
59.608,30.549095276479505,30.55541919813565,30.69982779890307,30.660821927936468,0.0,1.0,110.38889244444445
59.795,27.77720362897859,27.79530325003455,27.90136456222163,27.79669578473583,0.0,1.0,100.0
59.929,25.759870825468457,25.742589951048025,25.818605453539593,25.76993605328423,0.0,1.0,92.55556266666667
60.155,22.33638532587404,22.336396740311404,22.34573908488315,22.290401649218463,0.0,1.0,80.0
60.315,22.316265744604475,22.06199284671245,22.35071471675794,22.24948852864479,0.0,1.0,80.0
60.408,21.56333166011282,21.630671032584292,21.71357980660317,21.517767942000702,0.0,1.0,77.6750016
60.595,20.35554863559703,20.102192593938046,20.336932090222636,20.139093622419587,0.0,0.0,73.0
60.628,20.13708572210557,20.12283649832971,20.021031433017566,20.02846817740964,0.0,0.0,72.31250133333333
60.835,18.916641409838167,18.762789951577695,18.981842370966863,18.91903888761569,0.0,0.0,68.0
60.989,18.05269579792814,18.15299167108578,18.31499676032583,18.367783232922005,0.0423499648,0.0,65.69000192
61.235,17.145328828710802,17.340028954541037,17.29549908311956,17.16803619370363,0.11,0.0,62.0
61.289,17.357928693687022,17.50534229376516,17.288354069496332,17.282839713066195,0.12574996266666666,0.0,62.44999893333333
61.475,17.732900045190437,17.708656629160355,17.654471141017076,17.63683045887858,0.18,0.0,64.0
61.689,18.415653302297944,18.23140748558202,18.302450185514914,18.321603101946195,0.3064544698181818,0.0,65.94545338181818
61.915,18.960016762124773,18.76132386568701,18.90333448718423,18.783192064278545,0.44,0.0,68.0
61.949,19.146728860764295,19.253147598268377,18.941971418994328,19.193464835100684,0.452749952,0.0,68.76499712
62.249,21.046566598644908,21.057317778166187,20.948591224578493,21.095055822942587,0.5652499519999999,0.0,75.51499712
62.315,21.263586790884858,21.341303299900943,21.457421005687497,21.3949985330424,0.59,0.0,77.0
62.509,24.47884651814907,24.134801480313033,24.263936675254516,24.183671903646548,0.7597498880000001,0.0,87.5083264
62.555,24.792600611563376,25.003169621424654,25.068852334183354,25.02006998714639,0.8,0.0,90.0
62.715,26.708671424197046,26.66168069977405,26.634513012385067,26.680921447044533,0.85,0.0,96.0
62.729,27.037157311327334,26.981211097049652,27.04391409696887,27.031091309575988,0.8520999808,0.0,97.18998912
62.915,31.366697008867405,31.448558851950434,31.434178128767922,31.416993177240307,0.88,0.0,113.0
63.068,32.75911469965788,32.830251135538326,32.852585251214144,32.74157916197685,0.25452780823483756,0.0,117.81132455203971
63.074,32.758681216750134,32.640771415501725,32.77488978997468,32.68568709115078,0.23,0.0,118.0
63.228,32.397325271459856,32.363418734205545,32.25567905661084,32.33669894094802,0.10395015929384133,0.0,116.35587164296315
63.355,31.98601219876124,31.800701605637915,31.83067249910257,32.1201262165548,0.0,1.0,115.0
63.488,30.430722324829418,30.737139661642722,30.54939043705243,30.566277831037425,0.0,1.0,110.0125024
63.515,30.344972195216524,30.153926310508883,30.08369990307397,30.451854186370312,0.0,1.0,109.0
63.668,28.378737786242258,28.68467411370052,28.53916648190995,28.31402800494134,0.0,1.0,102.62500266666666
63.755,27.716865544017416,27.630634041844775,27.626087178512666,27.433911778613094,0.0,1.0,99.0
64.788,23.247868217154583,23.417823786069597,23.02469210808106,23.177089422338447,0.3320356937142857,1.0,83.32053668571429
64.875,22.740016381600572,23.114889129900043,22.697778163648493,22.951569179043325,0.36,0.0,82.0
64.968,23.72841811865297,23.706992405630896,23.66603385041237,23.78675882791069,0.4599749312,0.0,85.25499776
65.275,26.60951462358747,26.676050767626474,26.606204483483822,26.631957920439728,0.79,0.0,96.0
65.308,27.367773162064587,27.112381540059378,27.15794230442823,27.2229710820817,0.8188749439999999,0.0,98.19999573333334
65.468,30.25447842581962,30.18301047339036,30.306141312866522,30.25295059314861,0.958874944,0.0,108.8666624
65.515,31.056951342517173,31.307095127187782,31.28806377983135,31.124038633072637,1.0,0.0,112.0
65.608,32.204587244991814,32.16447203436484,32.2256583153008,32.29119975633601,1.0,0.0,115.98571154285715
65.795,34.48548458258573,34.51314088337472,34.562985337607344,34.44627856255449,1.0,0.0,124.0
65.868,36.70276822010625,36.53693302845252,36.409643491909996,36.51645103945738,1.0,0.0,131.7562432
65.955,39.12568941421746,39.148592230639736,39.32067246722803,39.08000820009934,1.0,0.0,141.0
66.108,41.17227722545317,41.10993654855792,40.97817083807841,41.22117278040065,1.0,0.0,148.22499697777778
66.308,43.79921128748739,43.80879373615607,43.9346047738316,43.695395172757515,1.0,0.0,157.66944142222223
66.315,43.88361438408085,43.864960675258935,43.871494086309745,43.86909825756966,1.0,0.0,158.0
66.549,46.44232908862027,46.339229753872324,46.34502574015179,46.38596068418688,1.0,0.0,166.7749952
66.555,46.315217649224124,46.357923043388865,46.28834212135242,46.45209159030163,1.0,0.0,167.0
66.749,49.56843677065549,49.33640400784848,49.34622127047899,49.45548687734337,1.0,0.0,177.9124928
66.875,51.18460864221804,51.33459450575437,51.46941010691952,51.469097045682574,1.0,0.0,185.0
67.035,51.46702259680302,51.505216140305855,51.465534269364966,51.27654723615271,1.0,0.0,185.0
67.049,51.74035494512241,51.697388687255206,51.51304414957942,51.6312809173393,1.0,0.0,185.874992
67.275,55.39604256379477,55.87770366522356,55.51358060834787,55.5520311253954,1.0,0.0,200.0
67.468,57.37329408844369,57.30565910306396,57.35047478087742,57.28556060008872,1.0,0.0,206.89285485714285
67.555,58.331507474695904,58.442727041857374,58.311489795809706,58.352369983311675,1.0,0.0,210.0
67.755,59.43223460638679,59.310481966153965,59.390759517846895,59.438114467823915,1.0,0.0,214.0
67.768,59.787813297102524,59.56441713268972,59.63198547122448,59.41353624024032,1.0,0.0,214.4468728
68.069,62.5542108089992,62.44053438853571,62.34660107657783,62.24472775136042,1.0,0.0,224.7937456
68.075,62.45313550457799,62.63895528224819,62.58458103824116,62.50871883754082,1.0,0.0,225.0
68.328,64.50297878302848,64.38201878050826,64.56265176680338,64.59557444088355,1.0,0.0,232.22856960000001
68.355,64.73499138495481,64.5806741623894,64.62571493556469,64.68526678252483,1.0,0.0,233.0
68.555,66.20016263690108,66.20202508806886,65.98675207310647,66.15274178519776,1.0,0.0,238.0
68.588,66.32052980088383,66.17438169764273,66.33503115614562,66.25233534035334,1.0,0.0,238.5249989818182
68.749,66.98804398750784,66.93359188806876,66.95018965743547,67.05216140656135,1.0,0.0,241.0863616
68.995,67.88025694437293,68.00857271197786,68.07475896946171,67.97349305300231,1.0,0.0,245.0
69.069,68.57351653742096,68.60563679791309,68.62573685726065,68.70249882621837,1.0,0.0,247.055552
69.309,70.50264900251969,70.65577221232284,70.4192933454383,70.34679619273963,1.0,0.0,253.72221866666666
69.355,70.72446610601666,70.7737387429926,70.77269400140021,70.96418036234445,1.0,0.0,255.0
69.488,71.13644641654375,71.13300148614897,71.17006803171904,71.18256934257039,1.0,0.0,256.1083328
69.595,71.49419076747888,71.30705755321512,71.45361171797886,71.38129763035955,1.0,0.0,257.0
69.728,71.88090194398796,72.02383700404874,72.25961307516407,72.04308858569087,1.0,0.0,259.32749888
69.995,73.21666330355148,73.38999137875082,73.31900000942362,73.18948143525229,1.0,0.0,264.0
70.088,73.84243874775659,73.90578646944431,73.97892155432284,73.74673909107543,1.0,0.0,265.7437488
70.315,75.06456349510232,74.88518238241667,75.1343510924269,74.97314421559855,1.0,0.0,270.0
70.448,75.5688935880742,75.69600676430217,75.517572863598,75.63110381404891,1.0,0.0,271.99499904
70.515,75.88912184900103,75.69100386932067,75.92662762769233,75.91008724986223,1.0,0.0,273.0
70.549,75.87770891583864,75.85668169321158,75.89012761741726,75.92847403307842,0.8300006400000001,0.0,273.16999936
70.567,75.96945184980274,75.98600049079919,75.97888868821705,75.88036584123256,0.74000128,0.0,273.25999872
